id,email,name,address,signup
1,john.doe@example.com,John Doe,123 Main St,2023-01-02T10:15:00
2,jane.smith@example.com,Jane Smith,456 Oak Ave,2023-02-05T12:30:00
3,robert.johnson@example.com,Robert Johnson,789 Pine Blvd,2023-03-10T14:45:00
4,susan.brown@example.com,Susan Brown,101 Elm Dr,2023-04-15T16:00:00
5,michael.davis@example.com,Michael Davis,202 Cedar Ln,2023-05-20T09:30:00
6,emily.white@example.com,Emily White,303 Birch Rd,2023-06-25T11:45:00
7,david.martinez@example.com,David Martinez,404 Spruce Ct,2023-07-30T13:00:00
8,amy.taylor@example.com,Amy Taylor,505 Willow Ave,2023-08-05T14:15:00
9,chris.miller@example.com,Chris Miller,606 Maple St,2023-09-10T15:30:00
10,michelle.clark@example.com,Michelle Clark,707 Pine Blvd,2023-10-15T16:45:00
11,jeffrey.davis@example.com,Jeffrey Davis,2323 Willow Ave,2023-05-06T11:45:00
12,christine.clark@example.com,Christine Clark,2424 Maple St,2023-06-11T13:00:00
13,michael.turner@example.com,Michael Turner,2525 Pine Blvd,2024-07-16T14:15:00
14,elizabeth.smith@example.com,Elizabeth Smith,2626 Cedar Ln,2024-08-21T15:30:00
15,justin.martin@example.com,Justin Martin,2727 Birch Rd,2024-09-25T16:45:00
16,cynthia.harris@example.com,Cynthia Harris,2828 Spruce Ct,2024-11-01T18:00:00
17,benjamin.adams@example.com,Benjamin Adams,2929 Willow Ave,2024-12-06T19:15:00
18,ashley.white@example.com,Ashley White,3030 Maple St,2023-01-11T20:30:00
19,paul.brooks@example.com,Paul Brooks,3131 Pine Blvd,2023-02-15T21:45:00
20,laura.king@example.com,Laura King,3232 Cedar Ln,2023-03-22T23:00:00
21,donald.walker@example.com,Donald Walker,3333 Birch Rd,2023-04-27T00:15:00
22,susan.turner@example.com,Susan Turner,3434 Spruce Ct,2023-06-01T01:30:00
23,steven.davis@example.com,Steven Davis,3535 Willow Ave,2023-07-06T02:45:00
24,donna.taylor@example.com,Donna Taylor,3636 Maple St,2023-08-11T04:00:00
25,jennifer.johnson@example.com,Jennifer Johnson,808 Oak Ave,2023-11-20T17:00:00
26,christopher.martin@example.com,Christopher Martin,909 Birch Rd,2023-12-25T18:15:00
27,sandra.white@example.com,Sandra White,1010 Spruce Ct,2024-01-30T19:30:00
28,anthony.miller@example.com,Anthony Miller,1111 Willow Ave,2024-03-05T20:45:00
29,karen.hall@example.com,Karen Hall,1212 Maple St,2023-04-10T22:00:00
31,olivia.miller@example.com,Olivia Miller,1717 Willow Ave,2024-10-06T04:15:00
32,noah.davis@example.com,Noah Davis,1818 Maple St,2024-11-11T05:30:00
33,emma.taylor@example.com,Emma Taylor,1919 Pine Blvd,2024-12-16T06:45:00
34,liam.brown@example.com,Liam Brown,2020 Cedar Ln,2024-01-21T08:00:00
35,ava.johnson@example.com,Ava Johnson,2121 Birch Rd,2024-02-25T09:15:00
36,oliver.smith@example.com,Oliver Smith,2222 Spruce Ct,2023-04-01T10:30:00
37,isabella.white@example.com,Isabella White,2323 Willow Ave,2023-05-06T11:45:00
38,lucas.martin@example.com,Lucas Martin,2424 Maple St,2023-06-11T13:00:00
39,amelia.clark@example.com,Amelia Clark,2525 Pine Blvd,2024-07-16T14:15:00
40,samuel.turner@example.com,Samuel Turner,2626 Cedar Ln,2024-08-21T15:30:00
41,abigail.miller@example.com,Abigail Miller,2727 Birch Rd,2024-09-25T16:45:00
42,henry.adams@example.com,Henry Adams,2828 Spruce Ct,2024-11-01T18:00:00
43,emma.harris@example.com,Emma Harris,2929 Willow Ave,2024-12-06T19:15:00
44,lucas.adams@example.com,Lucas Adams,3030 Maple St,2023-01-11T20:30:00
45,evelyn.white@example.com,Evelyn White,3131 Pine Blvd,2023-02-15T21:45:00
46,benjamin.brooks@example.com,Benjamin Brooks,3232 Cedar Ln,2023-03-22T23:00:00
47,scarlett.king@example.com,Scarlett King,3333 Birch Rd,2023-04-27T00:15:00
48,michael.walker@example.com,Michael Walker,3434 Spruce Ct,2023-06-01T01:30:00
49,sophia.turner@example.com,Sophia Turner,3535 Willow Ave,2023-07-06T02:45:00
50,jackson.davis@example.com,Jackson Davis,3636 Maple St,2023-08-11T04:00:00
